Timestamp,Age,Gender ,Educational level,Occupation Status,Monthly Income/ Allowance,Quality Satisfaction,Quality Trust,Counterfeit Concern,Quality vs Competitors,Packaging Clarity,Attractive Benefits,Price Influence,Price Sensitivity,Premium Price Willing,Ad Positive Impression,Ad Recognition,Ad Perception Influence
2026/09/04 1:45:03 PM GMT+1,20,Male,Undergraduate,Student,"â_x0082_¦50,000â_x0080__x0093_â_x0082_¦99,999",3 Neither Agree nor Disagree,4 Agree,4 Agree,5 Strongly Agree,5 Strongly Agree,5 Strongly Agree,3 Neither Agree nor Disagree,2 Disagree,4 Agree,3 Neither Agree nor Disagree,4 Agree,3 Neither Agree nor Disagree
2026/09/04 1:59:29 PM GMT+1,17,Female,Undergraduate,Student,"Below â_x0082_¦50,000",4 Agree,4 Agree,4 Agree,2 Disagree,3 Neither Agree nor Disagree,2 Disagree,4 Agree,4 Agree,2 Disagree,5 Strongly Agree,4 Agree,2 Disagree
2026/09/04 2:13:21 PM GMT+1,21,Female,Undergraduate,Employed,"â_x0082_¦300,000 and above",3 Neither Agree nor Disagree,2 Disagree,5 Strongly Agree,4 Agree,1 Strongly Disagree,4 Agree,4 Agree,2 Disagree,3 Neither Agree nor Disagree,4 Agree,2 Disagree,5 Strongly Agree
2026/09/04 2:55:50 PM GMT+1,20,Male,Undergraduate,Student,"Below â_x0082_¦50,000",3 Neither Agree nor Disagree,2 Disagree,4 Agree,3 Neither Agree nor Disagree,4 Agree,2 Disagree,2 Disagree,4 Agree,3 Neither Agree nor Disagree,5 Strongly Agree,4 Agree,4 Agree
2026/09/04 4:49:45 PM GMT+1,19,Female,Secondary school,Student,"Below â_x0082_¦50,000",3 Neither Agree nor Disagree,3 Neither Agree nor Disagree,5 Strongly Agree,2 Disagree,4 Agree,2 Disagree,3 Neither Agree nor Disagree,4 Agree,3 Neither Agree nor Disagree,4 Agree,3 Neither Agree nor Disagree,4 Agree
2026/09/04 5:08:58 PM GMT+1,18,Male,Undergraduate,Student,"Below â_x0082_¦50,000",4 Agree,4 Agree,3 Neither Agree nor Disagree,3 Neither Agree nor Disagree,5 Strongly Agree,3 Neither Agree nor Disagree,4 Agree,4 Agree,3 Neither Agree nor Disagree,3 Neither Agree nor Disagree,3 Neither Agree nor Disagree,4 Agree
2026/09/04 5:09:36 PM GMT+1,20,Male,Undergraduate,Student,"Below â_x0082_¦50,000",4 Agree,5 Strongly Agree,3 Neither Agree nor Disagree,4 Agree,4 Agree,4 Agree,2 Disagree,3 Neither Agree nor Disagree,4 Agree,4 Agree,5 Strongly Agree,4 Agree
2026/09/04 5:10:00 PM GMT+1,16,Female,Undergraduate,Student,"Below â_x0082_¦50,000",1 Strongly Disagree;4 Agree,4 Agree,4 Agree,4 Agree,4 Agree,4 Agree,2 Disagree,4 Agree,2 Disagree,5 Strongly Agree,5 Strongly Agree,4 Agree
2026/09/04 5:16:36 PM GMT+1,19,Male,Undergraduate,Student,"Below â_x0082_¦50,000",4 Agree,4 Agree,5 Strongly Agree,3 Neither Agree nor Disagree,4 Agree,3 Neither Agree nor Disagree,5 Strongly Agree,3 Neither Agree nor Disagree,3 Neither Agree nor Disagree,4 Agree,4 Agree,4 Agree
2026/09/04 5:18:43 PM GMT+1,18,Male,Undergraduate,Student,"Below â_x0082_¦50,000",4 Agree,4 Agree,5 Strongly Agree,3 Neither Agree nor Disagree,4 Agree,3 Neither Agree nor Disagree,4 Agree,4 Agree,4 Agree,4 Agree,3 Neither Agree nor Disagree,4 Agree
2026/09/04 5:40:53 PM GMT+1,18,Female,Undergraduate,Student,"Below â_x0082_¦50,000",4 Agree,4 Agree,4 Agree,4 Agree,4 Agree,3 Neither Agree nor Disagree,4 Agree,4 Agree,3 Neither Agree nor Disagree,4 Agree,4 Agree,4 Agree
2026/09/04 5:43:24 PM GMT+1,47,Female,Postgraduate,Employed,"â_x0082_¦200,000â_x0080__x0093_â_x0082_¦299,999",4 Agree,4 Agree,5 Strongly Agree,3 Neither Agree nor Disagree,5 Strongly Agree,4 Agree,3 Neither Agree nor Disagree,1 Strongly Disagree,5 Strongly Agree,4 Agree,4 Agree,5 Strongly Agree
2026/09/04 8:21:45 PM GMT+1,19+,Male,Undergraduate,Student,"â_x0082_¦50,000â_x0080__x0093_â_x0082_¦99,999",3 Neither Agree nor Disagree,3 Neither Agree nor Disagree,4 Agree,4 Agree,3 Neither Agree nor Disagree,3 Neither Agree nor Disagree,2 Disagree,4 Agree,2 Disagree,3 Neither Agree nor Disagree,3 Neither Agree nor Disagree,3 Neither Agree nor Disagree
2026/09/04 9:55:06 PM GMT+1,16,Male,Secondary school,Student,Prefer not to say,4 Agree,3 Neither Agree nor Disagree,5 Strongly Agree,5 Strongly Agree,3 Neither Agree nor Disagree,3 Neither Agree nor Disagree,3 Neither Agree nor Disagree,4 Agree,3 Neither Agree nor Disagree,4 Agree,3 Neither Agree nor Disagree,4 Agree
2026/09/04 11:53:14 PM GMT+1,16,Male,Secondary school,Student,Prefer not to say,3 Neither Agree nor Disagree,4 Agree,3 Neither Agree nor Disagree,4 Agree,4 Agree,2 Disagree,4 Agree,4 Agree,4 Agree,3 Neither Agree nor Disagree,3 Neither Agree nor Disagree,4 Agree
2026/09/05 2:41:57 AM GMT+1,19,Male,Undergraduate,Student,"Below â_x0082_¦50,000",5 Strongly Agree,5 Strongly Agree,4 Agree,4 Agree,5 Strongly Agree,3 Neither Agree nor Disagree,2 Disagree,4 Agree,4 Agree,4 Agree,4 Agree,4 Agree
2026/09/05 9:27:27 PM GMT+1,18,Prefer not to say,Undergraduate,Student,Prefer not to say,5 Strongly Agree,5 Strongly Agree,2 Disagree,5 Strongly Agree,5 Strongly Agree,5 Strongly Agree,5 Strongly Agree,5 Strongly Agree,5 Strongly Agree,5 Strongly Agree,5 Strongly Agree,5 Strongly Agree
2026/09/05 10:05:18 PM GMT+1,19,Female,Undergraduate,Self-employed,"â_x0082_¦50,000â_x0080__x0093_â_x0082_¦99,999",4 Agree,4 Agree,4 Agree,3 Neither Agree nor Disagree,4 Agree,3 Neither Agree nor Disagree,2 Disagree,2 Disagree,3 Neither Agree nor Disagree,3 Neither Agree nor Disagree,3 Neither Agree nor Disagree,3 Neither Agree nor Disagree
2026/09/06 4:14:38 PM GMT+1,48,Female,Graduate,Self-employed,Prefer not to say,4 Agree,4 Agree,4 Agree,2 Disagree,3 Neither Agree nor Disagree,3 Neither Agree nor Disagree,3 Neither Agree nor Disagree,2 Disagree,1 Strongly Disagree,4 Agree,2 Disagree,3 Neither Agree nor Disagree
2026/09/06 5:14:06 PM GMT+1,18,Female,Undergraduate,Student,"Below â_x0082_¦50,000",4 Agree,2 Disagree,3 Neither Agree nor Disagree,1 Strongly Disagree,4 Agree,4 Agree,2 Disagree,4 Agree,3 Neither Agree nor Disagree,3 Neither Agree nor Disagree,1 Strongly Disagree,1 Strongly Disagree
2026/09/06 5:19:28 PM GMT+1,18,Female,Undergraduate,Student,Prefer not to say,1 Strongly Disagree,3 Neither Agree nor Disagree,5 Strongly Agree,2 Disagree,5 Strongly Agree,1 Strongly Disagree,1 Strongly Disagree,1 Strongly Disagree,5 Strongly Agree,3 Neither Agree nor Disagree,3 Neither Agree nor Disagree,3 Neither Agree nor Disagree
2026/09/06 5:37:23 PM GMT+1,18,Female,Undergraduate,Student,"Below â_x0082_¦50,000",4 Agree,3 Neither Agree nor Disagree,4 Agree,4 Agree,4 Agree,3 Neither Agree nor Disagree,4 Agree,4 Agree,4 Agree,4 Agree,4 Agree,4 Agree
2026/09/06 6:01:34 PM GMT+1,Valentine ,Male,Undergraduate,Student,"Below â_x0082_¦50,000",4 Agree,3 Neither Agree nor Disagree,3 Neither Agree nor Disagree,4 Agree,4 Agree,4 Agree,4 Agree,3 Neither Agree nor Disagree,2 Disagree,4 Agree,4 Agree,4 Agree
2026/09/06 8:09:40 PM GMT+1,21,Female,Undergraduate,Student,"â_x0082_¦50,000â_x0080__x0093_â_x0082_¦99,999",4 Agree,4 Agree,5 Strongly Agree,2 Disagree,4 Agree,5 Strongly Agree,2 Disagree,2 Disagree,4 Agree,5 Strongly Agree,4 Agree,4 Agree
2026/09/06 8:14:31 PM GMT+1,20,Male,Undergraduate,Student,"Below â_x0082_¦50,000",1 Strongly Disagree;4 Agree,4 Agree,4 Agree,4 Agree,4 Agree,4 Agree,4 Agree,4 Agree,4 Agree,4 Agree,4 Agree,4 Agree
2026/09/06 8:21:42 PM GMT+1,24,Female,Undergraduate,Student,"â_x0082_¦100,000â_x0080__x0093_â_x0082_¦199,999",1 Strongly Disagree,4 Agree,3 Neither Agree nor Disagree,4 Agree,4 Agree,4 Agree,2 Disagree,2 Disagree,4 Agree,4 Agree,4 Agree,3 Neither Agree nor Disagree
2026/09/06 8:23:20 PM GMT+1,18,Female,Undergraduate,Student,"â_x0082_¦50,000â_x0080__x0093_â_x0082_¦99,999",1 Strongly Disagree,1 Strongly Disagree,4 Agree,1 Strongly Disagree,4 Agree,3 Neither Agree nor Disagree,1 Strongly Disagree,1 Strongly Disagree,3 Neither Agree nor Disagree,4 Agree,4 Agree,1 Strongly Disagree
2026/09/06 10:03:12 PM GMT+1,24,Male,Graduate,Self-employed,Prefer not to say,4 Agree,4 Agree,4 Agree,5 Strongly Agree,4 Agree,5 Strongly Agree,4 Agree,2 Disagree,5 Strongly Agree,4 Agree,4 Agree,4 Agree
2026/09/06 10:34:26 PM GMT+1,53,Female,Secondary school,Self-employed,"â_x0082_¦300,000 and above",5 Strongly Agree,5 Strongly Agree,1 Strongly Disagree,5 Strongly Agree,5 Strongly Agree,4 Agree,2 Disagree,2 Disagree,4 Agree,5 Strongly Agree,5 Strongly Agree,4 Agree
2026/09/07 6:58:44 AM GMT+1,19,Male,Undergraduate,Student,"Below â_x0082_¦50,000",3 Neither Agree nor Disagree,3 Neither Agree nor Disagree,4 Agree,3 Neither Agree nor Disagree,3 Neither Agree nor Disagree,3 Neither Agree nor Disagree,4 Agree,4 Agree,4 Agree,4 Agree,4 Agree,3 Neither Agree nor Disagree
2026/09/07 7:28:55 PM GMT+1,18,Male,Undergraduate,Self-employed,"â_x0082_¦100,000â_x0080__x0093_â_x0082_¦199,999",3 Neither Agree nor Disagree,4 Agree,3 Neither Agree nor Disagree,4 Agree,3 Neither Agree nor Disagree,3 Neither Agree nor Disagree,3 Neither Agree nor Disagree,3 Neither Agree nor Disagree,3 Neither Agree nor Disagree,4 Agree,4 Agree,3 Neither Agree nor Disagree
2026/09/09 8:05:41 AM GMT+1,19,Male,Undergraduate,Student,"Below â_x0082_¦50,000",5 Strongly Agree,4 Agree,2 Disagree,1 Strongly Disagree,1 Strongly Disagree,3 Neither Agree nor Disagree,2 Disagree,1 Strongly Disagree,3 Neither Agree nor Disagree,5 Strongly Agree,5 Strongly Agree,5 Strongly Agree
2026/09/09 9:31:54 AM GMT+1,18,Female,Undergraduate,Student,"â_x0082_¦50,000â_x0080__x0093_â_x0082_¦99,999",1 Strongly Disagree;2 Disagree,4 Agree,1 Strongly Disagree,1 Strongly Disagree,4 Agree,1 Strongly Disagree,3 Neither Agree nor Disagree,2 Disagree,3 Neither Agree nor Disagree,3 Neither Agree nor Disagree,2 Disagree,1 Strongly Disagree
2026/09/09 7:06:14 PM GMT+1,18,Male,Undergraduate,Student,"Below â_x0082_¦50,000",4 Agree,4 Agree,4 Agree,4 Agree,4 Agree,4 Agree,2 Disagree,4 Agree,2 Disagree,5 Strongly Agree,5 Strongly Agree,5 Strongly Agree
2026/09/09 9:17:36 PM GMT+1,19,Male,Undergraduate,Student,"Below â_x0082_¦50,000",5 Strongly Agree,4 Agree,5 Strongly Agree,4 Agree,4 Agree,5 Strongly Agree,4 Agree,5 Strongly Agree,2 Disagree,4 Agree,5 Strongly Agree,5 Strongly Agree
2026/09/09 9:25:20 PM GMT+1,18,Male,Undergraduate,Student,"Below â_x0082_¦50,000",2 Disagree,4 Agree,4 Agree,3 Neither Agree nor Disagree,4 Agree,4 Agree,4 Agree,4 Agree,4 Agree,4 Agree,4 Agree,4 Agree
2026/09/09 9:31:09 PM GMT+1,20,Female,Undergraduate,Student,Prefer not to say,4 Agree,4 Agree,4 Agree,3 Neither Agree nor Disagree,4 Agree,3 Neither Agree nor Disagree,4 Agree,5 Strongly Agree,1 Strongly Disagree,4 Agree,3 Neither Agree nor Disagree,4 Agree
2026/09/09 9:44:09 PM GMT+1,19,Male,Undergraduate,Student,"Below â_x0082_¦50,000",4 Agree,4 Agree,4 Agree,4 Agree,4 Agree,4 Agree,4 Agree,4 Agree,4 Agree,4 Agree,4 Agree,4 Agree
2026/09/10 10:14:09 PM GMT+1,25,Male,Undergraduate,Student,"Below â_x0082_¦50,000",2 Disagree,2 Disagree,4 Agree,4 Agree,5 Strongly Agree,2 Disagree,5 Strongly Agree,5 Strongly Agree,2 Disagree,5 Strongly Agree,5 Strongly Agree,4 Agree
2026/09/14 12:36:41 PM GMT+1,17,Male,Undergraduate,Student,"Below â_x0082_¦50,000",2 Disagree,2 Disagree,2 Disagree,2 Disagree,2 Disagree,2 Disagree,4 Agree,4 Agree,3 Neither Agree nor Disagree,4 Agree,2 Disagree,3 Neither Agree nor Disagree
2026/09/14 3:02:25 PM GMT+1,22,Male,Postgraduate,Student,"â_x0082_¦50,000â_x0080__x0093_â_x0082_¦99,999",3 Neither Agree nor Disagree,4 Agree,2 Disagree,2 Disagree,4 Agree,2 Disagree,4 Agree,4 Agree,2 Disagree,4 Agree,4 Agree,4 Agree
2026/09/14 3:09:49 PM GMT+1,20,Female,Undergraduate,Student,"Below â_x0082_¦50,000",4 Agree,4 Agree,5 Strongly Agree,3 Neither Agree nor Disagree,4 Agree,2 Disagree,4 Agree,4 Agree,4 Agree,5 Strongly Agree,4 Agree,4 Agree
2026/09/14 5:16:43 PM GMT+1,17,Male,Undergraduate,Employed,"Below â_x0082_¦50,000",4 Agree,5 Strongly Agree,1 Strongly Disagree,5 Strongly Agree,5 Strongly Agree,4 Agree,4 Agree,4 Agree,4 Agree,4 Agree,5 Strongly Agree,4 Agree
2026/09/14 5:19:31 PM GMT+1,22,Female,Undergraduate,Employed,"â_x0082_¦100,000â_x0080__x0093_â_x0082_¦199,999",5 Strongly Agree,4 Agree,4 Agree,4 Agree,5 Strongly Agree,4 Agree,4 Agree,4 Agree,5 Strongly Agree,4 Agree,4 Agree,4 Agree
2026/09/14 6:02:06 PM GMT+1,45,Female,Graduate,Self-employed,"â_x0082_¦300,000 and above",4 Agree,5 Strongly Agree,4 Agree,4 Agree,5 Strongly Agree,2 Disagree,5 Strongly Agree,1 Strongly Disagree,5 Strongly Agree,5 Strongly Agree,5 Strongly Agree,5 Strongly Agree
2026/09/14 6:34:42 PM GMT+1,23,Male,Undergraduate,Student,Prefer not to say,1 Strongly Disagree,1 Strongly Disagree,1 Strongly Disagree,1 Strongly Disagree,1 Strongly Disagree,1 Strongly Disagree,1 Strongly Disagree,1 Strongly Disagree,1 Strongly Disagree,1 Strongly Disagree,1 Strongly Disagree,1 Strongly Disagree
2026/09/14 6:50:39 PM GMT+1,22,Male,Undergraduate,Student,Prefer not to say,3 Neither Agree nor Disagree,4 Agree,4 Agree,4 Agree,4 Agree,3 Neither Agree nor Disagree,3 Neither Agree nor Disagree,3 Neither Agree nor Disagree,3 Neither Agree nor Disagree,4 Agree,4 Agree,3 Neither Agree nor Disagree
2026/09/14 7:47:42 PM GMT+1,19,Female,Undergraduate,Student,Prefer not to say,5 Strongly Agree,4 Agree,4 Agree,4 Agree,5 Strongly Agree,3 Neither Agree nor Disagree,2 Disagree,1 Strongly Disagree,3 Neither Agree nor Disagree,4 Agree,3 Neither Agree nor Disagree,4 Agree
2026/09/14 8:17:07 PM GMT+1,20,Female,Undergraduate,Student,"â_x0082_¦50,000â_x0080__x0093_â_x0082_¦99,999",4 Agree,4 Agree,3 Neither Agree nor Disagree,4 Agree,4 Agree,4 Agree,4 Agree,3 Neither Agree nor Disagree,4 Agree,4 Agree,4 Agree,4 Agree
2026/09/14 9:47:45 PM GMT+1,20,Female,Undergraduate,Unemployed,"Below â_x0082_¦50,000",4 Agree,3 Neither Agree nor Disagree,4 Agree,4 Agree,4 Agree,4 Agree,4 Agree,4 Agree,2 Disagree,4 Agree,4 Agree,4 Agree
2026/09/15 5:20:57 AM GMT+1,22,Female,Undergraduate,Student,"â_x0082_¦50,000â_x0080__x0093_â_x0082_¦99,999",1 Strongly Disagree,1 Strongly Disagree,1 Strongly Disagree,1 Strongly Disagree,4 Agree,1 Strongly Disagree,1 Strongly Disagree,1 Strongly Disagree,1 Strongly Disagree,4 Agree,1 Strongly Disagree,4 Agree
2026/09/15 6:04:35 AM GMT+1,20,Male,Undergraduate,Student,Prefer not to say,5 Strongly Agree,4 Agree,5 Strongly Agree,4 Agree,5 Strongly Agree,3 Neither Agree nor Disagree,3 Neither Agree nor Disagree,3 Neither Agree nor Disagree,3 Neither Agree nor Disagree,4 Agree,4 Agree,4 Agree
2026/09/15 9:50:06 AM GMT+1,27,Male,Undergraduate,Student,"Below â_x0082_¦50,000",4 Agree,2 Disagree,4 Agree,2 Disagree,4 Agree,1 Strongly Disagree,2 Disagree,2 Disagree,3 Neither Agree nor Disagree,5 Strongly Agree,4 Agree,5 Strongly Agree
2026/09/15 9:53:40 AM GMT+1,24,Male,Undergraduate,Employed,"â_x0082_¦50,000â_x0080__x0093_â_x0082_¦99,999",4 Agree,5 Strongly Agree,5 Strongly Agree,5 Strongly Agree,5 Strongly Agree,1 Strongly Disagree,5 Strongly Agree,1 Strongly Disagree,5 Strongly Agree,5 Strongly Agree,2 Disagree,5 Strongly Agree
2026/09/15 9:58:13 AM GMT+1,21,Female,Undergraduate,Self-employed,"â_x0082_¦50,000â_x0080__x0093_â_x0082_¦99,999",1 Strongly Disagree,2 Disagree,4 Agree,1 Strongly Disagree,5 Strongly Agree,2 Disagree,4 Agree,5 Strongly Agree,2 Disagree,4 Agree,5 Strongly Agree,5 Strongly Agree
2026/09/15 10:15:17 AM GMT+1,19,Male,Undergraduate,Student,"â_x0082_¦100,000â_x0080__x0093_â_x0082_¦199,999",5 Strongly Agree,5 Strongly Agree,5 Strongly Agree,5 Strongly Agree,5 Strongly Agree,4 Agree,4 Agree,5 Strongly Agree,4 Agree,5 Strongly Agree,4 Agree,5 Strongly Agree
